id,name,type,sport_type,start_date,start_date_local,timezone,utc_offset,distance,moving_time,elapsed_time,total_elevation_gain,elev_high,elev_low,average_speed,max_speed,average_heartrate,max_heartrate,has_heartrate,average_cadence,average_temp,average_watts,max_watts,weighted_average_watts,kilojoules,device_watts,calories,suffer_score,perceived_exertion,workout_type,description,gear_id,device_name,trainer,commute,manual,private,visibility,flagged,moving_pace_s_per_km,elapsed_pace_s_per_km,nonmoving_time_s,strava_url,detail_status,detail_fetched_at,streams_status,streams_file,streams_fetched_at
20306633248,"Week 8, run 2. Lactate threshold 2 x 3km. Rest easy-ish.",Run,Run,2026-09-24T05:59:23Z,2026-09-24T06:59:23Z,(GMT+00:00) Europe/London,3600.0,12012.9,3384,3419,62.0,38.8,19.8,3.55,4.6,150.9,171.0,True,80.4,,497.5,659,497,1682.5,True,897.0,54.0,,,,g28570912,Garmin fēnix 7 Pro (47mm),False,False,False,False,everyone,False,281.697,284.611,35,https://www.strava.com/activities/20306633248,available,2026-09-25T09:08:32+00:00,available,streams/20306633248.json,2026-09-25T09:08:32+00:00
20283344901,"Week 8, run 1.",Run,Run,2026-09-22T14:43:12Z,2026-09-22T15:43:12Z,(GMT+00:00) Europe/London,3600.0,10025.7,3124,3200,42.0,28.4,6.6,3.209,4.06,154.7,173.0,True,78.6,,465.7,610,458,1454.2,True,822.0,62.0,,,,g33729576,Garmin fēnix 7 Pro (47mm),False,False,False,False,everyone,False,311.599,319.18,76,https://www.strava.com/activities/20283344901,available,2026-09-25T09:08:32+00:00,available,streams/20283344901.json,2026-09-25T09:08:32+00:00
20280107022,New Forest 🌳,Hike,Hike,2026-09-22T09:01:33Z,2026-09-22T10:01:33Z,(GMT+00:00) Europe/London,3600.0,10399.5,8184,8595,184.0,96.0,34.2,1.271,2.04,91.3,118.0,True,51.6,,,,,,,,16.0,,,,g22965356,Garmin fēnix 7 Pro (47mm),False,False,False,False,everyone,False,786.961,826.482,411,https://www.strava.com/activities/20280107022,pending,,pending,,
20269346690,Isle of Wight cycling loop from Lymington,Ride,Ride,2026-09-21T07:00:50Z,2026-09-21T08:00:50Z,(GMT+00:00) Europe/London,3600.0,113174.0,18007,32966,1365.0,173.8,-25.2,6.285,16.5,130.6,163.0,True,,,125.8,,,2265.3,False,,108.0,,10,,b18493013,Garmin fēnix 7 Pro (47mm),False,False,False,False,everyone,False,159.109,291.286,14959,https://www.strava.com/activities/20269346690,pending,,pending,,
20238897886,"Week 7, run 5. Long run.",Run,Run,2026-09-19T08:12:00Z,2026-09-19T09:12:00Z,(GMT+00:00) Europe/London,3600.0,30023.9,9528,10688,194.0,54.0,5.4,3.151,5.82,152.5,167.0,True,79.2,,472.9,710,462,4501.4,True,,176.0,,,,g32004291,Garmin fēnix 7 Pro (47mm),False,False,False,False,everyone,False,317.347,355.983,1160,https://www.strava.com/activities/20238897886,pending,,pending,,
20223585589,"Week 7, run 4.",Run,Run,2026-09-18T06:34:22Z,2026-09-18T07:34:22Z,(GMT+00:00) Europe/London,3600.0,10542.4,3208,3240,43.0,29.0,2.8,3.286,4.44,149.9,167.0,True,80.0,,464.5,814,460,1485.2,True,,48.0,,,,g33729576,Garmin fēnix 7 Pro (47mm),False,False,False,False,everyone,False,304.295,307.33,32,https://www.strava.com/activities/20223585589,pending,,pending,,
20210666511,"Week 7, run 3.",Run,Run,2026-09-17T08:15:24Z,2026-09-17T09:15:24Z,(GMT+00:00) Europe/London,3600.0,6119.8,1938,1958,36.0,36.6,23.6,3.158,4.16,144.8,156.0,True,79.1,,461.1,600,456,892.0,True,,17.0,,,,g33729576,Garmin fēnix 7 Pro (47mm),False,False,False,False,everyone,False,316.677,319.945,20,https://www.strava.com/activities/20210666511,pending,,pending,,
20203793922,Evening Ride,Ride,Ride,2026-09-16T17:30:39Z,2026-09-16T18:30:39Z,(GMT+00:00) Europe/London,3600.0,11247.1,2319,2412,50.0,27.4,6.4,4.85,8.92,103.3,123.0,True,,,67.8,,,157.1,False,,5.0,,,,b18493013,Garmin fēnix 7 Pro (47mm),False,False,False,False,everyone,False,206.186,214.455,93,https://www.strava.com/activities/20203793922,pending,,pending,,
20196381423,Morning Ride,Ride,Ride,2026-09-16T07:34:54Z,2026-09-16T08:34:54Z,(GMT+00:00) Europe/London,3600.0,12038.3,2344,2500,57.0,29.2,6.4,5.136,8.471,116.4,141.0,True,,,72.7,,,170.5,False,,7.0,,,,b18493013,Garmin fēnix 7 Pro (47mm),False,False,False,False,everyone,False,194.712,207.671,156,https://www.strava.com/activities/20196381423,pending,,pending,,
20195574622,"Week 7, run 2. Easy run",Run,Run,2026-09-16T05:20:39Z,2026-09-16T06:20:39Z,(GMT+00:00) Europe/London,3600.0,12091.1,3890,3932,51.0,33.6,5.6,3.108,4.08,142.1,154.0,True,79.7,,444.7,559,440,1728.3,True,,29.0,,,,g33729576,Garmin fēnix 7 Pro (47mm),False,False,False,False,everyone,False,321.724,325.198,42,https://www.strava.com/activities/20195574622,pending,,pending,,
20181368688,"Week 7, run 1.",Run,Run,2026-09-15T07:12:15Z,2026-09-15T08:12:15Z,(GMT+00:00) Europe/London,3600.0,12133.6,3610,3824,50.0,31.0,6.4,3.361,4.5,160.1,177.0,True,78.9,,485.1,698,472,1747.4,True,,88.0,,,,g33729576,Garmin fēnix 7 Pro (47mm),False,False,False,False,everyone,False,297.521,315.158,214,https://www.strava.com/activities/20181368688,pending,,pending,,
20160628616,Cambridge to London,Ride,Ride,2026-09-13T09:28:46Z,2026-09-13T10:28:46Z,(GMT+00:00) Europe/London,3600.0,90963.5,14085,22928,743.0,128.2,1.6,6.458,14.94,118.5,158.0,True,,,116.1,,,1635.0,False,,49.0,,10,,b18493013,Garmin fēnix 7 Pro (47mm),False,False,False,False,everyone,False,154.842,252.057,8843,https://www.strava.com/activities/20160628616,pending,,pending,,
20139217106,"Week 6, run 1.5. A somewhat tentative return",Run,Run,2026-09-12T06:29:04Z,2026-09-12T07:29:04Z,(GMT+00:00) Europe/London,3600.0,12008.5,3636,3671,49.0,29.0,5.4,3.303,4.24,154.9,167.0,True,80.3,,462.7,597,459,1681.2,True,,76.0,,,,g33729576,Garmin fēnix 7 Pro (47mm),False,False,False,False,everyone,False,302.786,305.7,35,https://www.strava.com/activities/20139217106,pending,,pending,,
20119988645,🚴 from work,Ride,Ride,2026-09-10T17:04:36Z,2026-09-10T18:04:36Z,(GMT+00:00) Europe/London,3600.0,11914.8,1997,2128,65.0,28.8,6.4,5.966,16.38,114.1,140.0,True,,,104.7,,,209.1,False,,6.0,,,,b18493013,Garmin fēnix 7 Pro (47mm),False,False,False,False,everyone,False,167.607,178.601,131,https://www.strava.com/activities/20119988645,pending,,pending,,
20113545954,🚴 to work,Ride,Ride,2026-09-10T07:39:49Z,2026-09-10T08:39:49Z,(GMT+00:00) Europe/London,3600.0,12307.8,2157,2247,58.0,28.6,4.4,5.706,10.571,129.8,163.0,True,,,93.9,,,202.5,False,,11.0,,10,,b18493013,Garmin fēnix 7 Pro (47mm),False,False,False,False,everyone,False,175.255,182.567,90,https://www.strava.com/activities/20113545954,pending,,pending,,
20107798749,Evening Weight Training,WeightTraining,WeightTraining,2026-09-09T19:17:00Z,2026-09-09T20:17:00Z,(GMT+00:00) Europe/London,3600.0,0.0,1340,1340,0,,,0.0,0.0,79.1,104.0,True,,,,,,,,,1.0,,30,,,Garmin fēnix 7 Pro (47mm),True,False,False,False,everyone,False,,,0,https://www.strava.com/activities/20107798749,pending,,pending,,
20099105674,Switching some 🏃for some 🚴 while my tibs recover,Ride,Ride,2026-09-09T06:04:58Z,2026-09-09T07:04:58Z,(GMT+00:00) Europe/London,3600.0,40314.6,6203,6704,377.0,98.6,7.0,6.499,13.34,133.5,162.0,True,,,128.3,,,795.7,False,,45.0,,10,,b18493013,Garmin fēnix 7 Pro (47mm),False,False,False,False,everyone,False,153.865,166.292,501,https://www.strava.com/activities/20099105674,pending,,pending,,
20084296835,"Week 6, run 0.5. Injureeeeed 🥳🎉",Run,Run,2026-09-08T06:51:00Z,2026-09-08T07:51:00Z,(GMT+00:00) Europe/London,3600.0,6972.8,2242,2682,15.0,32.0,-3.4,3.11,3.92,140.1,152.0,True,80.0,,388.7,504,376,870.0,True,,16.0,,,,g30987070,Garmin fēnix 7 Pro (47mm),False,False,False,False,everyone,False,321.535,384.637,440,https://www.strava.com/activities/20084296835,pending,,pending,,
20057464298,"Week 5, run 5.",Run,Run,2026-09-06T07:30:40Z,2026-09-06T08:30:40Z,(GMT+00:00) Europe/London,3600.0,22025.2,6025,6726,59.0,21.2,13.0,3.656,4.46,163.9,182.0,True,80.9,,454.2,614,442,2738.1,True,,177.0,,,,g19256867,Garmin fēnix 7 Pro (47mm),False,False,False,False,everyone,False,273.55,305.377,701,https://www.strava.com/activities/20057464298,pending,,pending,,
20045630238,Schokoschnecke quest,Walk,Walk,2026-09-05T09:11:07Z,2026-09-05T10:11:07Z,(GMT+00:00) Europe/London,3600.0,6722.9,4835,9299,29.0,43.2,14.6,1.39,3.92,82.0,103.0,True,52.2,,,,,,,,7.0,,,,,Garmin fēnix 7 Pro (47mm),False,False,False,False,everyone,False,719.184,1383.183,4464,https://www.strava.com/activities/20045630238,pending,,pending,,
20030413268,"Week 5, run 3.",Run,Run,2026-09-04T07:46:38Z,2026-09-04T08:46:38Z,(GMT+00:00) Europe/London,3600.0,10530.5,3169,3176,136.0,39.8,-19.4,3.323,4.24,154.1,167.0,True,79.4,,426.5,708,428,1349.3,True,,65.0,,,,g27373116,Garmin fēnix 7 Pro (47mm),False,False,False,False,everyone,False,300.935,301.6,7,https://www.strava.com/activities/20030413268,pending,,pending,,
20015916557,"Week 5, run 2. Recovery run.",Run,Run,2026-09-03T06:35:21Z,2026-09-03T07:35:21Z,(GMT+00:00) Europe/London,3600.0,6136.5,2075,2081,38.0,36.2,25.2,2.957,3.62,134.5,149.0,True,78.8,,372.8,520,371,772.9,True,,10.0,,,,g21030561,Garmin fēnix 7 Pro (47mm),False,False,False,False,everyone,False,338.141,339.118,6,https://www.strava.com/activities/20015916557,pending,,pending,,
20001747080,"Week 5, run 1. Lactate threshold 7km as part of commute run",Run,Run,2026-09-02T06:27:45Z,2026-09-02T07:27:45Z,(GMT+00:00) Europe/London,3600.0,15004.5,4234,4850,47.0,29.4,4.8,3.544,10.84,148.4,176.0,True,79.9,,451.4,613,442,1908.1,True,,61.0,,,,g24547422,Garmin fēnix 7 Pro (47mm),False,False,False,False,everyone,False,282.182,323.236,616,https://www.strava.com/activities/20001747080,pending,,pending,,
19977330958,Southend-on-Sea to LDN 🚴,Ride,Ride,2026-08-31T09:22:49Z,2026-08-31T10:22:49Z,(GMT+00:00) Europe/London,3600.0,84473.9,14010,22125,814.0,106.0,2.0,6.03,13.26,123.9,162.0,True,,,111.6,,,1564.0,False,,60.0,,10,,b18493013,Garmin fēnix 7 Pro (47mm),False,False,False,False,everyone,False,165.85,261.915,8115,https://www.strava.com/activities/19977330958,pending,,pending,,
19963564051,Afternoon Hike,Hike,Hike,2026-08-30T12:07:14Z,2026-08-30T13:07:14Z,(GMT+00:00) Europe/London,3600.0,4615.4,4137,5014,142.0,209.8,81.6,1.116,1.883,98.3,118.0,True,51.9,,,,,,,,9.0,,,,,Garmin fēnix 7 Pro (47mm),False,False,False,False,everyone,False,896.347,1086.363,877,https://www.strava.com/activities/19963564051,pending,,pending,,
19958723491,"Week 4, run 5. 70km week ✅",Run,Run,2026-08-30T06:53:13Z,2026-08-30T07:53:13Z,(GMT+00:00) Europe/London,3600.0,15013.7,4718,4718,71.0,28.0,2.6,3.182,4.02,157.2,169.0,True,78.9,,400.3,534,402,1888.5,True,,110.0,,,,g30987070,Garmin fēnix 7 Pro (47mm),False,False,False,False,everyone,False,314.246,314.246,0,https://www.strava.com/activities/19958723491,pending,,pending,,
19946193626,"Week 4, run 4.",Run,Run,2026-08-29T07:58:16Z,2026-08-29T08:58:16Z,(GMT+00:00) Europe/London,3600.0,15007.6,4675,5869,79.0,32.8,1.4,3.21,4.02,147.9,161.0,True,79.3,,407.0,532,393,1902.4,True,,64.0,,,,g20576874,Garmin fēnix 7 Pro (47mm),False,False,False,False,everyone,False,311.509,391.069,1194,https://www.strava.com/activities/19946193626,pending,,pending,,
19932756501,"Back on the track. Lactate threshold 6km @4:10-4:15, rest easy.",Run,Run,2026-08-28T06:59:04Z,2026-08-28T07:59:04Z,(GMT+00:00) Europe/London,3600.0,13012.7,3790,4735,62.0,55.4,15.0,3.433,4.48,159.5,185.0,True,79.0,,432.4,573,428,1638.5,True,,97.0,,,,g27373116,Garmin fēnix 7 Pro (47mm),False,False,False,False,everyone,False,291.254,363.875,945,https://www.strava.com/activities/19932756501,pending,,pending,,
19904111807,"Week 4, run 2. Recovery run",Run,Run,2026-08-26T06:58:59Z,2026-08-26T07:58:59Z,(GMT+00:00) Europe/London,3600.0,6190.0,2071,2105,27.0,34.8,25.4,2.989,3.72,136.2,146.0,True,78.4,,369.7,503,365,765.3,True,,9.0,,,,g21030561,Garmin fēnix 7 Pro (47mm),False,False,False,False,everyone,False,334.572,340.065,34,https://www.strava.com/activities/19904111807,pending,,pending,,
19889438403,"Week 4, run 1. Commuting to work the long way",Run,Run,2026-08-25T06:17:43Z,2026-08-25T07:17:43Z,(GMT+00:00) Europe/London,3600.0,21216.3,6571,7434,52.0,28.8,5.2,3.229,8.261,147.8,166.0,True,79.5,,396.8,703,383,2603.8,True,,86.0,,,,g30987070,Garmin fēnix 7 Pro (47mm),False,False,False,False,everyone,False,309.715,350.391,863,https://www.strava.com/activities/19889438403,pending,,pending,,
19847405875,"Week 3, run 3. Long run with 3 x 3km at marathon pace.",Run,Run,2026-08-22T06:50:42Z,2026-08-22T07:50:42Z,(GMT+00:00) Europe/London,3600.0,30017.2,8769,9527,105.0,32.2,4.8,3.423,5.04,158.2,179.0,True,79.2,,426.6,696,426,3736.6,True,,207.0,,,,g25863559,Garmin fēnix 7 Pro (47mm),False,False,False,False,everyone,False,292.133,317.385,758,https://www.strava.com/activities/19847405875,pending,,pending,,
19804750386,"Week 3, run 2.",Run,Run,2026-08-19T06:35:49Z,2026-08-19T07:35:49Z,(GMT+00:00) Europe/London,3600.0,6138.4,1992,2011,32.0,36.8,25.2,3.082,3.84,138.9,149.0,True,78.2,,388.4,537,384,770.9,True,,10.0,,,,g30987070,Garmin fēnix 7 Pro (47mm),False,False,False,False,everyone,False,324.515,327.61,19,https://www.strava.com/activities/19804750386,pending,,pending,,
19789729102,"Week 3, run 1.",Run,Run,2026-08-18T06:12:08Z,2026-08-18T07:12:08Z,(GMT+00:00) Europe/London,3600.0,15484.5,4759,4981,39.0,30.2,5.2,3.254,11.8,149.8,164.0,True,79.0,,415.8,658,408,1979.2,True,,75.0,,,,g32004291,Garmin fēnix 7 Pro (47mm),False,False,False,False,everyone,False,307.34,321.677,222,https://www.strava.com/activities/19789729102,pending,,pending,,
19782482460,Afternoon Ride,Ride,Ride,2026-08-17T16:55:01Z,2026-08-17T17:55:01Z,(GMT+00:00) Europe/London,3600.0,11925.2,1963,2055,53.0,29.0,8.2,6.075,11.18,119.3,145.0,True,,,103.7,,,203.5,False,,6.0,,,,b18493013,Garmin fēnix 7 Pro (47mm),False,False,False,False,everyone,False,164.609,172.324,92,https://www.strava.com/activities/19782482460,pending,,pending,,
19776267892,Commuting on wheels,Ride,Ride,2026-08-17T08:12:40Z,2026-08-17T09:12:40Z,(GMT+00:00) Europe/London,3600.0,12019.8,2028,2213,53.0,28.8,6.4,5.927,10.814,133.0,157.0,True,,,98.6,,,199.9,False,,13.0,,10,,b18493013,Garmin fēnix 7 Pro (47mm),False,False,False,False,everyone,False,168.722,184.113,185,https://www.strava.com/activities/19776267892,pending,,pending,,
19764157167,Morning Ride,Ride,Ride,2026-08-16T07:50:13Z,2026-08-16T08:50:13Z,(GMT+00:00) Europe/London,3600.0,60321.3,8790,9699,584.0,117.8,11.8,6.862,14.22,127.0,162.0,True,,,127.4,,,1120.0,False,,42.0,,,,b18493013,Garmin fēnix 7 Pro (47mm),False,False,False,False,everyone,False,145.72,160.789,909,https://www.strava.com/activities/19764157167,pending,,pending,,
19749806548,"Week 2, run 4.",Run,Run,2026-08-15T08:46:57Z,2026-08-15T09:46:57Z,(GMT+00:00) Europe/London,3600.0,9356.5,2921,4281,44.0,28.6,5.8,3.203,4.84,145.4,161.0,True,79.0,,402.3,543,375,1174.1,True,,33.0,,,,g25863559,Garmin fēnix 7 Pro (47mm),False,False,False,False,everyone,False,312.189,457.543,1360,https://www.strava.com/activities/19749806548,pending,,pending,,
19734410257,"Week 2, run 3.",Run,Run,2026-08-14T04:58:18Z,2026-08-14T05:58:18Z,(GMT+00:00) Europe/London,3600.0,11014.2,3360,3421,42.0,29.0,6.2,3.278,3.92,147.0,167.0,True,78.3,,409.4,512,405,1370.4,True,,42.0,,,,g29430234,Garmin fēnix 7 Pro (47mm),False,False,False,False,everyone,False,305.061,310.599,61,https://www.strava.com/activities/19734410257,pending,,pending,,
19707693037,"Week 2, run 2.",Run,Run,2026-08-12T06:56:23Z,2026-08-12T07:56:23Z,(GMT+00:00) Europe/London,3600.0,18400.7,5320,6811,39.0,28.6,5.6,3.459,10.74,159.4,184.0,True,78.9,,425.8,643,405,2265.9,True,,131.0,,,,g30987070,Garmin fēnix 7 Pro (47mm),False,False,False,False,everyone,False,289.119,370.149,1491,https://www.strava.com/activities/19707693037,pending,,pending,,
19699877242,Evening Ride,Ride,Ride,2026-08-11T17:36:10Z,2026-08-11T18:36:10Z,(GMT+00:00) Europe/London,3600.0,11888.7,1869,2015,84.0,29.2,7.2,6.361,11.133,130.7,167.0,True,,,120.3,,,224.8,False,,12.0,,,,b18493013,Garmin fēnix 7 Pro (47mm),False,False,False,False,everyone,False,157.208,169.489,146,https://www.strava.com/activities/19699877242,pending,,pending,,
19692226396,Morning Ride,Ride,Ride,2026-08-11T07:59:26Z,2026-08-11T08:59:26Z,(GMT+00:00) Europe/London,3600.0,12023.3,2017,2188,61.0,29.2,6.0,5.961,11.386,133.4,157.0,True,,,103.5,,,208.7,False,,12.0,,,,b18493013,Garmin fēnix 7 Pro (47mm),False,False,False,False,everyone,False,167.758,181.98,171,https://www.strava.com/activities/19692226396,pending,,pending,,
19677775045,"Week 2, run 1.",Run,Run,2026-08-10T07:38:52Z,2026-08-10T08:38:52Z,(GMT+00:00) Europe/London,3600.0,6348.8,1995,1998,29.0,34.6,25.8,3.182,3.74,144.3,158.0,True,79.2,,400.3,582,400,798.7,True,,21.0,,,,g30987070,Garmin fēnix 7 Pro (47mm),False,False,False,False,everyone,False,314.233,314.705,3,https://www.strava.com/activities/19677775045,pending,,pending,,
19672311744,"Week 1, run 5. 64km week.",Run,Run,2026-08-09T16:52:05Z,2026-08-09T17:52:05Z,(GMT+00:00) Europe/London,3600.0,12018.3,3762,4382,47.0,29.0,6.0,3.195,4.14,151.9,167.0,True,78.1,,401.9,497,390,1507.0,True,,66.0,,,,g30987070,Garmin fēnix 7 Pro (47mm),False,False,False,False,everyone,False,313.023,364.611,620,https://www.strava.com/activities/19672311744,pending,,pending,,
19650869104,"Week 1, run 4. 🥵☀️",Run,Run,2026-08-08T07:19:28Z,2026-08-08T08:19:28Z,(GMT+00:00) Europe/London,3600.0,20007.2,5810,5913,53.0,28.8,5.8,3.444,4.58,164.8,179.0,True,78.5,,429.3,568,427,2494.4,True,,179.0,,,,g32004291,Garmin fēnix 7 Pro (47mm),False,False,False,False,everyone,False,290.395,295.544,103,https://www.strava.com/activities/19650869104,pending,,pending,,
19637227497,"Week 1, run 3.",Run,Run,2026-08-07T06:53:38Z,2026-08-07T07:53:38Z,(GMT+00:00) Europe/London,3600.0,12026.8,3677,3806,55.0,32.2,7.6,3.271,3.96,146.1,164.0,True,78.3,,405.3,518,399,1490.3,True,,44.0,,0,,g30987070,Garmin fēnix 7 Pro (47mm),False,False,False,False,everyone,False,305.734,316.46,129,https://www.strava.com/activities/19637227497,pending,,pending,,
19630522449,Evening Ride,Ride,Ride,2026-08-06T17:01:57Z,2026-08-06T18:01:57Z,(GMT+00:00) Europe/London,3600.0,20298.8,3257,3370,137.0,56.0,6.0,6.232,12.533,135.9,162.0,True,,,115.2,,,375.3,False,,25.0,,,,b18493013,Garmin fēnix 7 Pro (47mm),False,False,False,False,everyone,False,160.453,166.02,113,https://www.strava.com/activities/19630522449,pending,,pending,,
19608610995,"Week 1, run 2. Recovery",Run,Run,2026-08-05T07:13:58Z,2026-08-05T08:13:58Z,(GMT+00:00) Europe/London,3600.0,6169.9,1931,1939,30.0,34.6,24.0,3.195,4.37,140.8,150.0,True,78.7,,402.4,562,400,774.4,True,,11.0,,0,,g30987070,Garmin fēnix 7 Pro (47mm),False,False,False,False,everyone,False,312.971,314.268,8,https://www.strava.com/activities/19608610995,pending,,pending,,
19593819439,"Week 1, run 1. Valencia training block. A commute run with 25 minutes at LT",Run,Run,2026-08-04T06:52:32Z,2026-08-04T07:52:32Z,(GMT+00:00) Europe/London,3600.0,14456.2,4046,4990,31.0,26.8,4.2,3.573,8.48,165.9,188.0,True,78.5,,517.0,780,481,2088.9,True,,134.0,,,,g28570912,Garmin fēnix 7 Pro (47mm),False,False,False,False,everyone,False,279.88,345.181,944,https://www.strava.com/activities/19593819439,pending,,pending,,
19565862925,Morning Run,Run,Run,2026-08-02T08:03:50Z,2026-08-02T09:03:50Z,(GMT+00:00) Europe/London,3600.0,7098.9,2083,2083,31.0,143.6,124.8,3.408,4.04,154.1,170.0,True,79.4,,424.1,553,425,883.2,True,,43.0,,,,g30987070,Garmin fēnix 7 Pro (47mm),False,False,False,False,everyone,False,293.426,293.426,0,https://www.strava.com/activities/19565862925,pending,,pending,,
19552067329,Morning Run,Run,Run,2026-08-01T07:56:35Z,2026-08-01T08:56:35Z,(GMT+00:00) Europe/London,3600.0,8254.5,2361,2368,45.0,138.8,123.6,3.496,4.36,155.9,175.0,True,79.8,,440.3,609,440,1039.4,True,,48.0,,,,g30987070,Garmin fēnix 7 Pro (47mm),False,False,False,False,everyone,False,286.026,286.874,7,https://www.strava.com/activities/19552067329,pending,,pending,,
19539032533,Morning Run,Run,Run,2026-07-31T06:54:56Z,2026-07-31T07:54:56Z,(GMT+00:00) Europe/London,3600.0,11273.1,3155,3173,43.0,29.2,8.6,3.573,4.28,164.7,182.0,True,80.0,,450.0,585,448,1419.5,True,,98.0,,,,g32004291,Garmin fēnix 7 Pro (47mm),False,False,False,False,everyone,False,279.87,281.466,18,https://www.strava.com/activities/19539032533,pending,,pending,,
19511026379,Back at it. 130 days to Valencia Marathon,Run,Run,2026-07-29T07:05:14Z,2026-07-29T08:05:14Z,(GMT+00:00) Europe/London,3600.0,6179.8,1885,1894,25.0,35.8,26.4,3.278,4.44,153.7,170.0,True,79.4,,466.6,614,462,879.8,True,,38.0,,,,g30987070,Garmin fēnix 7 Pro (47mm),False,False,False,False,everyone,False,305.026,306.482,9,https://www.strava.com/activities/19511026379,pending,,pending,,
19504288402,Evening Weight Training,WeightTraining,WeightTraining,2026-07-28T17:50:10Z,2026-07-28T18:50:10Z,(GMT+00:00) Europe/London,3600.0,0.0,2452,2452,0,,,0.0,0.0,113.6,144.0,True,,,,,,,,,7.0,,30,,,Garmin fēnix 7 Pro (47mm),True,False,False,False,everyone,False,,,0,https://www.strava.com/activities/19504288402,pending,,pending,,
